id,name,backend_ref,uses_postgres,node_count,node_types,last_updated
hWCP9NLXxtCOrppu,GDA.agent.opp-classifier,OTHER,YES,6,"n8n-nodes-base.code, n8n-nodes-base.httpRequest, n8n-nodes-base.postgres, n8n-nodes-base.respondToWebhook, n8n-nodes-base.webhook",2026-05-26 21:28:56.126+00
1OPkoA5e8DYVQKm1,GDA.api.action-history,OTHER,YES,7,"n8n-nodes-base.code, n8n-nodes-base.postgres, n8n-nodes-base.respondToWebhook, n8n-nodes-base.webhook",2026-05-13 15:41:08.707+00
klO6sorAB03YgZJE,GDA.api.action-items 2,V2_BACKEND,YES,15,"n8n-nodes-base.code, n8n-nodes-base.postgres, n8n-nodes-base.respondToWebhook, n8n-nodes-base.switch, n8n-nodes-base.webhook",2026-05-26 21:28:47.53+00
jalin8peBLddjsEa,GDA.api.agentic-chat,OTHER,YES,7,"n8n-nodes-base.code, n8n-nodes-base.httpRequest, n8n-nodes-base.postgres, n8n-nodes-base.respondToWebhook, n8n-nodes-base.webhook",2026-05-13 15:41:18.305+00
qFKuS53JnToOjnZD,GDA.api.ai-agent-upload,V2_BACKEND,NO,14,"@n8n/n8n-nodes-langchain.agent, @n8n/n8n-nodes-langchain.documentDefaultDataLoader, @n8n/n8n-nodes-langchain.embeddingsOpenAi, @n8n/n8n-nodes-langchain.lmChatAnthropic, @n8n/n8n-nodes-langchain.vectorStorePinecone, n8n-nodes-base.code, n8n-nodes-base.httpRequest, n8n-nodes-base.respondToWebhook, n8n-nodes-base.webhook",2026-05-28 19:47:38.949+00
EeR3nC8l30Vdsu5b,GDA.api.ai-feedback,V2_BACKEND,YES,5,"n8n-nodes-base.code, n8n-nodes-base.postgres, n8n-nodes-base.respondToWebhook, n8n-nodes-base.webhook",2026-05-26 21:28:50.611+00
PdWaOEGY2Ukzke9i,GDA.api.aop-definitions,OTHER,NO,5,"n8n-nodes-base.code, n8n-nodes-base.if, n8n-nodes-base.respondToWebhook, n8n-nodes-base.webhook",2026-05-26 21:28:55.043+00
P8AfP8P84xi33auD,GDA.api.aop-tracker,V2_BACKEND,YES,7,"n8n-nodes-base.code, n8n-nodes-base.if, n8n-nodes-base.postgres, n8n-nodes-base.respondToWebhook, n8n-nodes-base.webhook",2026-05-26 21:28:54.879+00
1aYt8mIzZ5duB3TX,GDA.api.approvals-queue,OTHER,YES,15,"n8n-nodes-base.code, n8n-nodes-base.if, n8n-nodes-base.postgres, n8n-nodes-base.respondToWebhook, n8n-nodes-base.switch, n8n-nodes-base.webhook",2026-05-08 22:11:01.83+00
9qrsria0fy719T98,GDA.api.bd-activity-log,V2_BACKEND,YES,12,"n8n-nodes-base.code, n8n-nodes-base.postgres, n8n-nodes-base.respondToWebhook, n8n-nodes-base.switch, n8n-nodes-base.webhook",2026-05-26 21:28:49.429+00
RfjdGEY7FIRpVx8w,GDA.api.black-hat,V2_BACKEND,YES,9,"n8n-nodes-base.code, n8n-nodes-base.httpRequest, n8n-nodes-base.if, n8n-nodes-base.postgres, n8n-nodes-base.respondToWebhook, n8n-nodes-base.webhook",2026-05-26 21:28:55.944+00
kZT3jlZn4lKfuhwh,GDA.api.capture-hub,V2_BACKEND,YES,7,"n8n-nodes-base.code, n8n-nodes-base.postgres, n8n-nodes-base.respondToWebhook, n8n-nodes-base.webhook",2026-05-26 21:28:54.714+00
JiIiq2uxRaKUob0d,GDA.api.capture-intel,V2_BACKEND,YES,19,"@n8n/n8n-nodes-langchain.agent, @n8n/n8n-nodes-langchain.lmChatAnthropic, n8n-nodes-base.code, n8n-nodes-base.httpRequest, n8n-nodes-base.httpRequestTool, n8n-nodes-base.postgres, n8n-nodes-base.respondToWebhook, n8n-nodes-base.switch, n8n-nodes-base.webhook",2026-05-26 21:28:43.566+00
w3URDObLimmiHuUB,GDA.api.capture-intel-modules,V2_BACKEND,YES,18,"n8n-nodes-base.code, n8n-nodes-base.postgres, n8n-nodes-base.respondToWebhook, n8n-nodes-base.switch, n8n-nodes-base.webhook",2026-05-26 21:28:51.629+00
QgperN6cuOpfnb09,GDA.api.capture-plan,V2_BACKEND,YES,25,"n8n-nodes-base.code, n8n-nodes-base.httpRequest, n8n-nodes-base.if, n8n-nodes-base.postgres, n8n-nodes-base.respondToWebhook, n8n-nodes-base.switch, n8n-nodes-base.webhook",2026-05-26 21:28:44.875+00
b8ldzYA5LNM9Gz00,GDA.api.chat-simple,V2_BACKEND,YES,6,"n8n-nodes-base.code, n8n-nodes-base.httpRequest, n8n-nodes-base.postgres, n8n-nodes-base.respondToWebhook, n8n-nodes-base.webhook",2026-05-26 21:28:54.544+00
AZLL3i2lyMEsARaK,GDA.api.clause-library,OTHER,YES,11,"n8n-nodes-base.code, n8n-nodes-base.httpRequest, n8n-nodes-base.postgres, n8n-nodes-base.respondToWebhook, n8n-nodes-base.webhook",2026-05-26 21:28:57.818+00
WXpKiNp8AXCt56bU,GDA.api.competitor-field,V2_BACKEND,YES,4,"n8n-nodes-base.code, n8n-nodes-base.postgres, n8n-nodes-base.respondToWebhook, n8n-nodes-base.webhook",2026-05-26 21:28:53.717+00
8VkL656vYsWatcSz,GDA.api.competitor-threat-score,OTHER,YES,6,"n8n-nodes-base.code, n8n-nodes-base.postgres, n8n-nodes-base.respondToWebhook, n8n-nodes-base.webhook",2026-05-21 15:30:14.53+00
yhJHrha9QYwUIoPc,GDA.api.competitor-watchlist,V2_BACKEND,YES,23,"@n8n/n8n-nodes-langchain.agent, @n8n/n8n-nodes-langchain.lmChatAnthropic, n8n-nodes-base.code, n8n-nodes-base.httpRequest, n8n-nodes-base.httpRequestTool, n8n-nodes-base.postgres, n8n-nodes-base.respondToWebhook, n8n-nodes-base.switch, n8n-nodes-base.webhook",2026-05-26 21:28:43.757+00
geW4zw6lvkkizF82,GDA.api.comp-intel 2,V2_BACKEND,YES,16,"n8n-nodes-base.code, n8n-nodes-base.httpRequest, n8n-nodes-base.if, n8n-nodes-base.postgres, n8n-nodes-base.respondToWebhook, n8n-nodes-base.webhook",2026-05-26 21:28:47.701+00
Qa0p2I5Qqi2lPeRN,GDA.api.compliance-matrix,V2_BACKEND,YES,14,"@n8n/n8n-nodes-langchain.agent, @n8n/n8n-nodes-langchain.lmChatAnthropic, n8n-nodes-base.code, n8n-nodes-base.postgres, n8n-nodes-base.respondToWebhook, n8n-nodes-base.switch, n8n-nodes-base.webhook",2026-05-26 21:28:51.803+00
AuwOV685PipTOXWJ,GDA.api.contacts,V2_BACKEND,YES,7,"n8n-nodes-base.code, n8n-nodes-base.postgres, n8n-nodes-base.respondToWebhook, n8n-nodes-base.webhook",2026-05-26 21:28:53.873+00
19dTEr8jWnfTDtgy,GDA.api.contracts,OTHER,YES,4,"n8n-nodes-base.code, n8n-nodes-base.postgres, n8n-nodes-base.webhook",2026-05-26 21:28:49.077+00
C7Bh7KcAl1IgSTRr,GDA.api.daily-actions,OTHER,YES,17,"n8n-nodes-base.code, n8n-nodes-base.httpRequest, n8n-nodes-base.if, n8n-nodes-base.postgres, n8n-nodes-base.respondToWebhook, n8n-nodes-base.webhook",2026-05-26 21:28:55.757+00
QmjG77dvSdNtfHc8,GDA.api.daily-brief,OTHER,YES,4,"n8n-nodes-base.code, n8n-nodes-base.postgres, n8n-nodes-base.webhook",2026-05-26 21:28:48.753+00
upEGGfu6dYIwr0tD,GDA.api.daily-brief-reader,OTHER,YES,7,"n8n-nodes-base.code, n8n-nodes-base.postgres, n8n-nodes-base.respondToWebhook, n8n-nodes-base.switch, n8n-nodes-base.webhook",2026-05-26 21:28:58.004+00
A9tQjq8T2EvL4hOJ,GDA.api.dashboard-intel 2,V2_BACKEND,YES,6,"n8n-nodes-base.code, n8n-nodes-base.httpRequest, n8n-nodes-base.postgres, n8n-nodes-base.respondToWebhook, n8n-nodes-base.webhook",2026-05-26 21:28:48.238+00
UYGJPu7N5YZblvEU,GDA.api.dashboard-mega,OTHER,YES,10,"n8n-nodes-base.code, n8n-nodes-base.if, n8n-nodes-base.postgres, n8n-nodes-base.respondToWebhook, n8n-nodes-base.webhook",2026-05-22 16:25:17.209+00
Fn02pKArk2YcyQp5,GDA.api.data-learn,OTHER,YES,5,"n8n-nodes-base.code, n8n-nodes-base.postgres, n8n-nodes-base.respondToWebhook, n8n-nodes-base.webhook",2026-04-29 20:25:20.126+00
uefArlmFlJYeXTJv,GDA.api.deep-research-history,OTHER,YES,3,"n8n-nodes-base.postgres, n8n-nodes-base.respondToWebhook, n8n-nodes-base.webhook",2026-05-13 15:41:10.684+00
FMYsT157mKuqn06v,GDA.api.discussions,V2_BACKEND,YES,5,"n8n-nodes-base.code, n8n-nodes-base.postgres, n8n-nodes-base.respondToWebhook, n8n-nodes-base.webhook",2026-05-26 21:28:50.775+00
dKibEwHO773kehFg,GDA.api.doc-compare,V2_BACKEND,NO,21,"n8n-nodes-base.code, n8n-nodes-base.httpRequest, n8n-nodes-base.respondToWebhook, n8n-nodes-base.webhook",2026-05-28 23:20:09.213+00
8UPZHbcTwJstPKAS,GDA.api.doc-ingest,V2_BACKEND,NO,18,"@n8n/n8n-nodes-langchain.documentDefaultDataLoader, @n8n/n8n-nodes-langchain.embeddingsOpenAi, @n8n/n8n-nodes-langchain.textSplitterRecursiveCharacterTextSplitter, @n8n/n8n-nodes-langchain.vectorStorePinecone, n8n-nodes-base.code, n8n-nodes-base.httpRequest, n8n-nodes-base.if, n8n-nodes-base.respondToWebhook, n8n-nodes-base.webhook",2026-05-28 18:34:59.47+00
PqJgzJkHM1BFWkwl,GDA.api.e2e-reports,V2_BACKEND,YES,8,"n8n-nodes-base.code, n8n-nodes-base.postgres, n8n-nodes-base.respondToWebhook, n8n-nodes-base.switch, n8n-nodes-base.webhook",2026-05-26 21:28:52.308+00
FewfFKJn6YNXsZph,GDA.api.email-drafter,V2_BACKEND,YES,9,"n8n-nodes-base.code, n8n-nodes-base.httpRequest, n8n-nodes-base.postgres, n8n-nodes-base.respondToWebhook, n8n-nodes-base.webhook",2026-05-26 21:28:46.632+00
yA4NHeu0ctVVxzYg,GDA.api.embed-and-store,OTHER,YES,6,"n8n-nodes-base.code, n8n-nodes-base.httpRequest, n8n-nodes-base.postgres, n8n-nodes-base.respondToWebhook, n8n-nodes-base.webhook",2026-05-21 15:30:10.059+00
GH6XlzfhdVixIKFJ,GDA.api.error-log,OTHER,YES,6,"n8n-nodes-base.code, n8n-nodes-base.postgres, n8n-nodes-base.respondToWebhook, n8n-nodes-base.webhook",2026-05-21 15:30:05.644+00
VxK95EhAJW1o48cS,GDA.api.export-engine,V2_BACKEND,NO,52,"n8n-nodes-base.code, n8n-nodes-base.extractFromFile, n8n-nodes-base.httpRequest, n8n-nodes-base.if, n8n-nodes-base.respondToWebhook, n8n-nodes-base.switch, n8n-nodes-base.webhook",2026-05-28 23:11:48.012+00
lUYEZeUk8lAvGDVg,GDA.api.export-excel,V2_BACKEND,YES,8,"n8n-nodes-base.code, n8n-nodes-base.postgres, n8n-nodes-base.respondToWebhook, n8n-nodes-base.webhook",2026-05-26 21:28:45.953+00
bgyNbMXpZyQsipMx,GDA.api.external-control,OTHER,NO,5,"n8n-nodes-base.code, n8n-nodes-base.respondToWebhook, n8n-nodes-base.ssh, n8n-nodes-base.webhook",2026-05-13 15:41:11.453+00
l6X3n5paaIqMKWxB,GDA.api.fast-track-needs,V2_BACKEND,YES,14,"n8n-nodes-base.code, n8n-nodes-base.if, n8n-nodes-base.postgres, n8n-nodes-base.respondToWebhook, n8n-nodes-base.webhook",2026-05-26 21:28:58.174+00
W8DukE5eD6GPgopq,GDA.api.govtribe-cache,OTHER,YES,7,"n8n-nodes-base.if, n8n-nodes-base.postgres, n8n-nodes-base.respondToWebhook, n8n-nodes-base.webhook",2026-05-26 21:28:51.449+00
upYdxPzh2D0Qb7gx,GDA.api.govwin-feed,V2_BACKEND,NO,7,"n8n-nodes-base.code, n8n-nodes-base.httpRequest, n8n-nodes-base.respondToWebhook, n8n-nodes-base.webhook",2026-05-26 21:28:46.469+00
f0OGkYCb5tvoOnpP,GDA.api.health-scan,OTHER,YES,10,"n8n-nodes-base.code, n8n-nodes-base.if, n8n-nodes-base.postgres, n8n-nodes-base.respondToWebhook, n8n-nodes-base.webhook",2026-05-26 21:28:55.584+00
4fhTge7p4iIEDza9,GDA.api.idiq-tracker,V2_BACKEND,YES,12,"n8n-nodes-base.code, n8n-nodes-base.postgres, n8n-nodes-base.respondToWebhook, n8n-nodes-base.switch, n8n-nodes-base.webhook",2026-05-26 21:28:53+00
9sFee4M0W0D5O5hm,GDA.api.incumbent-analysis,V2_BACKEND,YES,20,"n8n-nodes-base.code, n8n-nodes-base.httpRequest, n8n-nodes-base.postgres, n8n-nodes-base.respondToWebhook, n8n-nodes-base.switch, n8n-nodes-base.webhook",2026-05-26 21:28:53.545+00
KIT8cj4V2cMFdSkA,GDA.api.intel-feed,OTHER,YES,9,"n8n-nodes-base.code, n8n-nodes-base.httpRequest, n8n-nodes-base.postgres, n8n-nodes-base.respondToWebhook, n8n-nodes-base.scheduleTrigger, n8n-nodes-base.webhook",2026-05-26 22:55:07.921+00
VsNvEyaS46M8uPgB,GDA.api.knowledge-base,V2_BACKEND,YES,4,"n8n-nodes-base.code, n8n-nodes-base.postgres, n8n-nodes-base.respondToWebhook, n8n-nodes-base.webhook",2026-05-26 21:28:45.427+00
GrbSQxeJs7ag6zXx,GDA.api.launchpad,OTHER,YES,6,"n8n-nodes-base.code, n8n-nodes-base.postgres, n8n-nodes-base.webhook",2026-05-13 15:41:10.961+00
vaRzM1Jl6HcXjuxs,GDA.api.launchpad-funnel,OTHER,YES,6,"n8n-nodes-base.code, n8n-nodes-base.postgres, n8n-nodes-base.respondToWebhook, n8n-nodes-base.webhook",2026-05-13 15:41:18.016+00
34M99tJpcYh4Qd43,GDA.api.meeting-notes 2,V2_BACKEND,YES,7,"n8n-nodes-base.code, n8n-nodes-base.httpRequest, n8n-nodes-base.postgres, n8n-nodes-base.respondToWebhook, n8n-nodes-base.webhook",2026-05-26 21:28:48.068+00
0zVPgmYsvcqhyyo6,GDA.api.morning-briefing,OTHER,YES,3,"n8n-nodes-base.postgres, n8n-nodes-base.respondToWebhook, n8n-nodes-base.webhook",2026-05-21 15:30:36.382+00
rWVp9Hp1ZthoqpfA,GDA.api.naics 2,OTHER,YES,13,"n8n-nodes-base.code, n8n-nodes-base.postgres, n8n-nodes-base.respondToWebhook, n8n-nodes-base.switch, n8n-nodes-base.webhook",2026-05-21 15:29:57.729+00
afjmc6tOjffkEC3k,GDA.api.ndaa-far-ingest,OTHER,YES,5,"n8n-nodes-base.code, n8n-nodes-base.postgres, n8n-nodes-base.respondToWebhook, n8n-nodes-base.webhook",2026-05-26 22:55:08.686+00
pkPpMhiz8IdRy7To,GDA.api.ooda-loop 2,V2_BACKEND,YES,19,"n8n-nodes-base.code, n8n-nodes-base.httpRequest, n8n-nodes-base.if, n8n-nodes-base.merge, n8n-nodes-base.postgres, n8n-nodes-base.respondToWebhook, n8n-nodes-base.webhook",2026-05-26 21:28:47.884+00
FQUE8nUF4parKjPs,GDA.api.opportunity-detail,V2_BACKEND,YES,14,"n8n-nodes-base.code, n8n-nodes-base.httpRequest, n8n-nodes-base.if, n8n-nodes-base.postgres, n8n-nodes-base.respondToWebhook, n8n-nodes-base.webhook",2026-05-26 21:28:58.341+00
4PvSyBNRFNUZEQWt,GDA.api.opp-search,V2_BACKEND,YES,7,"n8n-nodes-base.code, n8n-nodes-base.httpRequest, n8n-nodes-base.postgres, n8n-nodes-base.respondToWebhook, n8n-nodes-base.webhook",2026-05-26 21:28:50.93+00
SEJLE89wZa1yfQyB,GDA.api.opp-tracker 2,V2_BACKEND,YES,16,"n8n-nodes-base.code, n8n-nodes-base.httpRequest, n8n-nodes-base.if, n8n-nodes-base.postgres, n8n-nodes-base.respondToWebhook, n8n-nodes-base.webhook",2026-05-26 21:28:47.135+00
Aw0gWh3nPap8cjrV,GDA.api.ops-dashboard-data,V2_BACKEND,NO,4,"n8n-nodes-base.code, n8n-nodes-base.respondToWebhook, n8n-nodes-base.webhook",2026-05-26 21:28:45.78+00
f4PLgyzEu0tj3R5Y,GDA.api.pipeline,OTHER,YES,4,"n8n-nodes-base.code, n8n-nodes-base.postgres, n8n-nodes-base.webhook",2026-05-26 20:59:34.026+00
UBgoJGxZro834RbT,GDA.api.platform-health,OTHER,YES,7,"n8n-nodes-base.code, n8n-nodes-base.httpRequest, n8n-nodes-base.postgres, n8n-nodes-base.respondToWebhook, n8n-nodes-base.webhook",2026-05-26 21:00:07.217+00
RNO9dedQRAjLHkjK,GDA.api.pptx-gen,V2_BACKEND,NO,13,"n8n-nodes-base.code, n8n-nodes-base.httpRequest, n8n-nodes-base.if, n8n-nodes-base.respondToWebhook, n8n-nodes-base.webhook",2026-05-26 21:28:45.246+00
LiOKixhrA9FJBdLG,GDA.api.predictive-intel,V2_BACKEND,YES,14,"n8n-nodes-base.code, n8n-nodes-base.httpRequest, n8n-nodes-base.postgres, n8n-nodes-base.respondToWebhook, n8n-nodes-base.switch, n8n-nodes-base.webhook",2026-05-26 21:28:43.934+00
wOQOmSX0fQ475nB3,GDA.api.proactive-scan,V2_BACKEND,YES,9,"n8n-nodes-base.code, n8n-nodes-base.httpRequest, n8n-nodes-base.if, n8n-nodes-base.noOp, n8n-nodes-base.postgres, n8n-nodes-base.scheduleTrigger, n8n-nodes-base.webhook",2026-05-26 21:28:50.451+00
HyNQ5Ma2OLlCyJhv,GDA.api.prompt-architect,V2_BACKEND,YES,7,"n8n-nodes-base.code, n8n-nodes-base.httpRequest, n8n-nodes-base.if, n8n-nodes-base.respondToWebhook, n8n-nodes-base.webhook",2026-05-26 21:28:51.276+00
thWCXJCwBduJW0Ok,GDA.api.proposals,OTHER,YES,4,"n8n-nodes-base.code, n8n-nodes-base.postgres, n8n-nodes-base.webhook",2026-05-26 21:28:48.579+00
81m1Zl9xjM6L8HQb,GDA.api.pwin-calculator,V2_BACKEND,YES,13,"n8n-nodes-base.code, n8n-nodes-base.postgres, n8n-nodes-base.respondToWebhook, n8n-nodes-base.switch, n8n-nodes-base.webhook",2026-05-26 21:28:44.311+00
rii6IYWRxh9TMNjd,GDA.api.rag-query,V2_BACKEND,NO,12,"n8n-nodes-base.code, n8n-nodes-base.httpRequest, n8n-nodes-base.respondToWebhook, n8n-nodes-base.webhook",2026-05-28 23:11:18.906+00
bEBgWqhY8kmF6rrp,GDA.api.red-team,V2_BACKEND,NO,15,"n8n-nodes-base.code, n8n-nodes-base.httpRequest, n8n-nodes-base.respondToWebhook, n8n-nodes-base.webhook",2026-05-26 21:28:45.063+00
ck1NTtdvuqB7CQ81,GDA.api.relationship-tracker,V2_BACKEND,YES,12,"n8n-nodes-base.code, n8n-nodes-base.postgres, n8n-nodes-base.respondToWebhook, n8n-nodes-base.switch, n8n-nodes-base.webhook",2026-05-26 21:28:51.973+00
RqtftSynjqEKbs9Q,GDA.api.report-builder,V2_BACKEND,NO,14,"n8n-nodes-base.code, n8n-nodes-base.httpRequest, n8n-nodes-base.respondToWebhook, n8n-nodes-base.switch, n8n-nodes-base.webhook",2026-05-28 23:11:19.235+00
cS4SQ8tVeAvGm3ht,GDA.api.risk-intel,V2_BACKEND,YES,5,"n8n-nodes-base.code, n8n-nodes-base.postgres, n8n-nodes-base.respondToWebhook, n8n-nodes-base.webhook",2026-05-26 21:28:48.906+00
9orS3FVOlInMes9r,GDA.api.saved-opps,V2_BACKEND,YES,5,"n8n-nodes-base.code, n8n-nodes-base.postgres, n8n-nodes-base.respondToWebhook, n8n-nodes-base.webhook",2026-05-26 21:28:50.125+00
kW8RLL4hbAuGV6qr,GDA.api.save-opp,V2_BACKEND,YES,5,"n8n-nodes-base.code, n8n-nodes-base.postgres, n8n-nodes-base.respondToWebhook, n8n-nodes-base.webhook",2026-05-26 21:28:50.286+00
MrL0WRTornU9WdME,GDA.api.semantic-search,OTHER,YES,6,"n8n-nodes-base.code, n8n-nodes-base.httpRequest, n8n-nodes-base.postgres, n8n-nodes-base.respondToWebhook, n8n-nodes-base.webhook",2026-05-13 15:41:14.75+00
G9US1e01oY1cgJIF,GDA.api.sitrep 2,V2_BACKEND,YES,37,"@n8n/n8n-nodes-langchain.agent, @n8n/n8n-nodes-langchain.embeddingsOpenAi, @n8n/n8n-nodes-langchain.lmChatAnthropic, n8n-nodes-base.code, n8n-nodes-base.emailSend, n8n-nodes-base.httpRequest, n8n-nodes-base.httpRequestTool, n8n-nodes-base.if, n8n-nodes-base.postgres, n8n-nodes-base.respondToWebhook, n8n-nodes-base.scheduleTrigger, n8n-nodes-base.telegram, n8n-nodes-base.webhook, @tavily/n8n-nodes-tavily.tavilyTool",2026-05-28 23:12:39.331+00
lWWNkWxgRIEHAwuP,GDA.api.teaming-finder,V2_BACKEND,YES,7,"n8n-nodes-base.code, n8n-nodes-base.postgres, n8n-nodes-base.respondToWebhook, n8n-nodes-base.webhook",2026-05-26 21:28:54.196+00
jQvgX6SD1RhARG3F,GDA.api.teaming-scorer,V2_BACKEND,YES,13,"n8n-nodes-base.code, n8n-nodes-base.httpRequest, n8n-nodes-base.postgres, n8n-nodes-base.respondToWebhook, n8n-nodes-base.switch, n8n-nodes-base.webhook",2026-05-26 21:28:49.595+00
XH3IhyvWMPoZzxBS,GDA.api.trends,OTHER,YES,7,"n8n-nodes-base.code, n8n-nodes-base.postgres, n8n-nodes-base.respondToWebhook, n8n-nodes-base.switch, n8n-nodes-base.webhook",2026-05-13 15:41:17.912+00
O4aAvY3mHxxGGJ0P,GDA.api.vehicle-tracker,V2_BACKEND,YES,7,"n8n-nodes-base.code, n8n-nodes-base.postgres, n8n-nodes-base.respondToWebhook, n8n-nodes-base.webhook",2026-05-26 21:28:54.033+00
76V9lZ2CsmudoFEs,GDA.api.wargame,V2_BACKEND,YES,7,"n8n-nodes-base.code, n8n-nodes-base.postgres, n8n-nodes-base.respondToWebhook, n8n-nodes-base.webhook",2026-05-26 21:28:48.405+00
SpU3znFHHABYNmb9,GDA.api.win-loss-db,V2_BACKEND,YES,15,"@n8n/n8n-nodes-langchain.lmChatAnthropic, n8n-nodes-base.code, n8n-nodes-base.httpRequest, n8n-nodes-base.postgres, n8n-nodes-base.respondToWebhook, n8n-nodes-base.switch, n8n-nodes-base.webhook",2026-05-26 21:28:52.132+00
BLS36QTOznJ8mJlC,GDA.auto.e2e-gemini-report,V2_BACKEND,YES,8,"n8n-nodes-base.code, n8n-nodes-base.httpRequest, n8n-nodes-base.postgres, n8n-nodes-base.respondToWebhook, n8n-nodes-base.scheduleTrigger, n8n-nodes-base.webhook",2026-05-26 21:28:46.289+00
ER9YVGsU6mnCXDr1,GDA.auto.e2e-test,OTHER,NO,3,"n8n-nodes-base.code, n8n-nodes-base.respondToWebhook, n8n-nodes-base.webhook",2026-05-27 14:05:34.322+00
aCrxoe1rCuIbsnC4,GDA.auto.feedback-collector,V2_BACKEND,YES,11,"n8n-nodes-base.code, n8n-nodes-base.postgres, n8n-nodes-base.respondToWebhook, n8n-nodes-base.switch, n8n-nodes-base.webhook",2026-05-26 21:28:49.946+00
djgOV2vX3PIv9cvm,GDA.auto.gist-update,V2_BACKEND,NO,5,"n8n-nodes-base.code, n8n-nodes-base.httpRequest, n8n-nodes-base.respondToWebhook, n8n-nodes-base.webhook",2026-05-26 21:28:42.983+00
Rvs15RThVvlj3nVz,GDA.auto.learning-capture,OTHER,YES,6,"n8n-nodes-base.code, n8n-nodes-base.httpRequest, n8n-nodes-base.respondToWebhook, n8n-nodes-base.webhook",2026-05-26 21:28:56.308+00
njIW6V5tCFJIIjfk,GDA.auto.pattern-extractor,OTHER,YES,12,"n8n-nodes-base.code, n8n-nodes-base.httpRequest, n8n-nodes-base.respondToWebhook, n8n-nodes-base.webhook",2026-05-26 21:28:56.47+00
1ItrrFxGI3L43Pdv,GDA.bot.telegram-chat,OTHER,YES,4,"n8n-nodes-base.code, n8n-nodes-base.postgres, n8n-nodes-base.telegram, n8n-nodes-base.telegramTrigger",2026-05-21 15:29:47.646+00
akvlbmdUBCgx58PC,GDA.controlled-fix-agent,OTHER,NO,3,"n8n-nodes-base.code, n8n-nodes-base.respondToWebhook, n8n-nodes-base.webhook",2026-05-26 08:32:59.986+00
1o8h7yGhLKLoNP0S,GDA.cron.amendment-monitor,OTHER,YES,6,"n8n-nodes-base.code, n8n-nodes-base.httpRequest, n8n-nodes-base.if, n8n-nodes-base.postgres, n8n-nodes-base.scheduleTrigger",2026-05-26 21:28:57.642+00
7gERqvfD6THg1gWf,GDA.cron.auto-capture-plan,OTHER,YES,7,"n8n-nodes-base.code, n8n-nodes-base.httpRequest, n8n-nodes-base.if, n8n-nodes-base.postgres, n8n-nodes-base.scheduleTrigger",2026-05-21 01:18:22.139+00
bPXzuxPpq8ClGdZ0,GDA.cron.auto-index-docs,OTHER,YES,13,"n8n-nodes-base.code, n8n-nodes-base.httpRequest, n8n-nodes-base.postgres, n8n-nodes-base.respondToWebhook, n8n-nodes-base.scheduleTrigger, n8n-nodes-base.splitInBatches, n8n-nodes-base.webhook",2026-05-21 01:18:36.45+00
IGw8FBZhZwnwiIe1,GDA.cron.auto-opp-analysis,OTHER,YES,8,"n8n-nodes-base.code, n8n-nodes-base.httpRequest, n8n-nodes-base.postgres, n8n-nodes-base.scheduleTrigger, n8n-nodes-base.splitInBatches",2026-05-21 01:18:15.796+00
ldVAxgDGuKJx4354,GDA.cron.auto-risk-generation,OTHER,YES,8,"n8n-nodes-base.code, n8n-nodes-base.if, n8n-nodes-base.postgres, n8n-nodes-base.scheduleTrigger, n8n-nodes-base.webhook",2026-05-22 16:24:56.857+00
BQFYbILTezLgqkDY,GDA.cron.broad-opp-search,OTHER,YES,9,"n8n-nodes-base.code, n8n-nodes-base.if, n8n-nodes-base.postgres, n8n-nodes-base.respondToWebhook, n8n-nodes-base.webhook",2026-05-26 21:28:53.368+00
t12i2kyfYr1oet4u,GDA.cron.capture-gate-review,OTHER,YES,5,"n8n-nodes-base.code, n8n-nodes-base.postgres, n8n-nodes-base.scheduleTrigger, n8n-nodes-base.telegram",2026-05-21 01:18:17.183+00
Kk7O8Bw2FOe41M9l,GDA.cron.capture-milestone-alerts,OTHER,YES,7,"n8n-nodes-base.code, n8n-nodes-base.if, n8n-nodes-base.postgres, n8n-nodes-base.scheduleTrigger, n8n-nodes-base.telegram",2026-05-21 01:18:29.783+00
0E3lCtWt2rdJlMPY,GDA.cron.capture-opp-sync,OTHER,YES,8,"n8n-nodes-base.code, n8n-nodes-base.if, n8n-nodes-base.postgres, n8n-nodes-base.scheduleTrigger",2026-05-21 01:18:27.751+00
Zb2quk78c5mszZ2C,GDA.cron.change-detector,OTHER,YES,5,"n8n-nodes-base.httpRequest, n8n-nodes-base.if, n8n-nodes-base.postgres, n8n-nodes-base.scheduleTrigger",2026-05-26 21:28:57.32+00
51SkEH6ulJrmHdgS,GDA.cron.competitor-auto-enrichment,OTHER,YES,6,"n8n-nodes-base.code, n8n-nodes-base.httpRequest, n8n-nodes-base.respondToWebhook, n8n-nodes-base.webhook",2026-05-26 21:28:56.819+00
bTE4k631s6JqZMiG,GDA.cron.competitor-crawler,OTHER,YES,14,"n8n-nodes-base.code, n8n-nodes-base.httpRequest, n8n-nodes-base.postgres, n8n-nodes-base.scheduleTrigger, n8n-nodes-base.splitInBatches, n8n-nodes-base.telegram, n8n-nodes-base.webhook",2026-05-26 22:55:07.822+00
EcZWryEoS4zyAfGD,GDA.cron.comp-intel-daily-growth,OTHER,YES,7,"n8n-nodes-base.code, n8n-nodes-base.httpRequest, n8n-nodes-base.postgres, n8n-nodes-base.scheduleTrigger",2026-05-21 01:18:19.595+00
D6nZ235hSF4wGMb5,GDA.cron.daily-trends-collect,OTHER,YES,5,"n8n-nodes-base.code, n8n-nodes-base.postgres, n8n-nodes-base.scheduleTrigger",2026-05-21 01:18:14.449+00
LzjiBI80aDAZgDIp,GDA.cron.data-retention,OTHER,YES,4,"n8n-nodes-base.code, n8n-nodes-base.postgres, n8n-nodes-base.scheduleTrigger",2026-05-21 01:19:26.258+00
M0xPvRs31zQOewfx,GDA.cron.data-sync,OTHER,YES,6,"n8n-nodes-base.code, n8n-nodes-base.httpRequest, n8n-nodes-base.postgres, n8n-nodes-base.scheduleTrigger",2026-05-26 21:28:51.11+00
Qg55lRKjubgsvD28,GDA.cron.deadline-escalation,OTHER,YES,5,"n8n-nodes-base.code, n8n-nodes-base.if, n8n-nodes-base.postgres, n8n-nodes-base.scheduleTrigger",2026-05-22 16:24:56.431+00
MJapg8dGkvEzLn0K,GDA.cron.fast-track-ingest,OTHER,YES,13,"n8n-nodes-base.code, n8n-nodes-base.httpRequest, n8n-nodes-base.if, n8n-nodes-base.postgres, n8n-nodes-base.scheduleTrigger, n8n-nodes-base.webhook",2026-05-21 01:18:47.649+00
WmGfzHUE10o1zvqA,GDA.cron.fpds-enrichment,OTHER,YES,7,"n8n-nodes-base.code, n8n-nodes-base.httpRequest, n8n-nodes-base.postgres, n8n-nodes-base.scheduleTrigger",2026-05-26 21:28:57.002+00
gMEwjeBZbC4GzL3N,GDA.cron.health-scan-daily,OTHER,NO,5,"n8n-nodes-base.code, n8n-nodes-base.if, n8n-nodes-base.scheduleTrigger, n8n-nodes-base.telegram",2026-05-26 21:28:58.5+00
DeSN1t1swXX14xTc,GDA.cron.idiq-task-order-alert,OTHER,YES,12,"n8n-nodes-base.code, n8n-nodes-base.httpRequest, n8n-nodes-base.if, n8n-nodes-base.postgres, n8n-nodes-base.scheduleTrigger, n8n-nodes-base.telegram",2026-05-21 01:18:26.872+00
fZpqchmmPnqAmiMq,GDA.cron.learning-engine,OTHER,YES,8,"n8n-nodes-base.code, n8n-nodes-base.httpRequest, n8n-nodes-base.if, n8n-nodes-base.postgres, n8n-nodes-base.scheduleTrigger",2026-05-21 01:18:45.988+00
jhAAwyiW6IbA9KrF,GDA.cron.master-scanner,V2_BACKEND,YES,4,"n8n-nodes-base.code, n8n-nodes-base.postgres, n8n-nodes-base.scheduleTrigger, n8n-nodes-base.telegram",2026-05-26 21:28:46.798+00
i1aQWBr6qeG4TDOB,GDA.cron.morning-intel-briefing,OTHER,YES,12,"n8n-nodes-base.code, n8n-nodes-base.httpRequest, n8n-nodes-base.postgres, n8n-nodes-base.respondToWebhook, n8n-nodes-base.scheduleTrigger, n8n-nodes-base.telegram, n8n-nodes-base.webhook",2026-05-21 01:18:45.098+00
AQOLuJyT8edVTEyP,GDA.cron.ndaa-ingest,OTHER,YES,6,"n8n-nodes-base.code, n8n-nodes-base.httpRequest, n8n-nodes-base.scheduleTrigger",2026-05-26 21:28:57.489+00
EGQzp92GxbjTJ03X,GDA.cron.nightly-fy-revenue-calc,OTHER,YES,2,"n8n-nodes-base.postgres, n8n-nodes-base.scheduleTrigger",2026-05-21 01:19:26.978+00
FydY7PY4h0BcToEW,GDA.cron.nightly-pattern-and-enrichment,OTHER,NO,5,"n8n-nodes-base.code, n8n-nodes-base.httpRequest, n8n-nodes-base.scheduleTrigger",2026-05-26 21:28:56.643+00
BxOfAsvQTJkTzTnz,GDA.cron.nightly-perplexity-research,OTHER,YES,8,"n8n-nodes-base.code, n8n-nodes-base.httpRequest, n8n-nodes-base.postgres, n8n-nodes-base.scheduleTrigger, n8n-nodes-base.splitInBatches",2026-05-21 01:18:37.257+00
b3PJhbe4cSADjzcz,GDA.cron.on-ramp-scanner,OTHER,YES,6,"n8n-nodes-base.code, n8n-nodes-base.httpRequest, n8n-nodes-base.postgres, n8n-nodes-base.scheduleTrigger, n8n-nodes-base.webhook",2026-05-26 21:28:55.411+00
nvgjYi8wdwF7QDef,GDA.cron.pipeline-coverage-check,OTHER,YES,4,"n8n-nodes-base.code, n8n-nodes-base.postgres, n8n-nodes-base.scheduleTrigger, n8n-nodes-base.telegram",2026-05-21 01:18:17.917+00
9annZcPoqw0DaPKI,GDA.cron.pipeline-health-digest,OTHER,YES,5,"n8n-nodes-base.code, n8n-nodes-base.postgres, n8n-nodes-base.scheduleTrigger",2026-05-22 16:25:17.384+00
LOaS0qrkHi1dLSLZ,GDA.cron.pwin-daily-loop,V2_BACKEND,YES,7,"n8n-nodes-base.code, n8n-nodes-base.httpRequest, n8n-nodes-base.if, n8n-nodes-base.postgres, n8n-nodes-base.scheduleTrigger",2026-05-26 20:59:35.392+00
MtcQwAgm1zHYXNfB,GDA.cron.recompete-early-warning,OTHER,YES,8,"n8n-nodes-base.code, n8n-nodes-base.if, n8n-nodes-base.postgres, n8n-nodes-base.scheduleTrigger, n8n-nodes-base.telegram",2026-05-21 01:18:25.165+00
lU2uQfmQ6sch69TA,GDA.cron.stage-auto-promote,OTHER,YES,5,"n8n-nodes-base.code, n8n-nodes-base.if, n8n-nodes-base.postgres, n8n-nodes-base.scheduleTrigger",2026-05-21 01:19:19.315+00
LPUSYd4Vpph1Qg7n,GDA.cron.system-watchdog,OTHER,YES,4,"n8n-nodes-base.if, n8n-nodes-base.postgres, n8n-nodes-base.scheduleTrigger, n8n-nodes-base.twilio",2026-05-21 01:18:00.148+00
uQ5cZ97cCrx5iIXk,GDA.cron.weekly-comp-scan,OTHER,YES,5,"n8n-nodes-base.code, n8n-nodes-base.httpRequest, n8n-nodes-base.postgres, n8n-nodes-base.scheduleTrigger",2026-05-26 21:28:55.223+00
ZuQkz1HrMONclkFm,GDA.cron.win-rate-weekly-digest,OTHER,YES,9,"n8n-nodes-base.code, n8n-nodes-base.httpRequest, n8n-nodes-base.if, n8n-nodes-base.postgres, n8n-nodes-base.scheduleTrigger, n8n-nodes-base.telegram",2026-05-21 01:18:25.981+00
24mQWu8YXUVDiCNV,GDA.deploy.frontend,OTHER,NO,6,"n8n-nodes-base.code, n8n-nodes-base.if, n8n-nodes-base.respondToWebhook, n8n-nodes-base.ssh, n8n-nodes-base.webhook",2026-05-13 15:41:16.218+00
8GnGxnBL9TJjj1i2,GDA.dev.deploy,OTHER,NO,12,"n8n-nodes-base.code, n8n-nodes-base.httpRequest, n8n-nodes-base.respondToWebhook, n8n-nodes-base.ssh, n8n-nodes-base.webhook",2026-05-26 22:55:08.331+00
Ak4Kb3gRjrZZjEDl,GDA.doctrine.pr-merge-draft,OTHER,YES,9,"n8n-nodes-base.code, n8n-nodes-base.if, n8n-nodes-base.noOp, n8n-nodes-base.postgres, n8n-nodes-base.webhook",2026-05-13 15:41:18.212+00
4szS4FHP1pW1PiG8,GDA.enrichment.capture-plan-cards,V2_BACKEND,YES,11,"n8n-nodes-base.code, n8n-nodes-base.httpRequest, n8n-nodes-base.noOp, n8n-nodes-base.postgres, n8n-nodes-base.respondToWebhook, n8n-nodes-base.splitInBatches, n8n-nodes-base.webhook",2026-05-26 21:28:46.963+00
2Swf6LP9AzFjHFYU,GDA.error.handler,OTHER,YES,3,"n8n-nodes-base.errorTrigger, n8n-nodes-base.postgres, n8n-nodes-base.telegram",2026-05-21 15:30:35.794+00
3sFvFJwP0xlihoLj,GDA.event.bidirectional-sync,OTHER,YES,6,"n8n-nodes-base.code, n8n-nodes-base.postgres, n8n-nodes-base.respondToWebhook, n8n-nodes-base.webhook",2026-05-26 21:28:57.161+00
iJaZmAsI4GVvMySQ,GDA.form.quick-entry,OTHER,YES,8,"n8n-nodes-base.code, n8n-nodes-base.formTrigger, n8n-nodes-base.httpRequest, n8n-nodes-base.if, n8n-nodes-base.postgres, n8n-nodes-base.respondToWebhook",2026-04-09 19:11:57.371+00
MqRUg1UglZqjAym1,GDA GitHub Bridge — Production,OTHER,NO,8,"n8n-nodes-base.code, n8n-nodes-base.if, n8n-nodes-base.respondToWebhook, n8n-nodes-base.webhook",2026-05-26 08:21:51.649+00
yMo7WrELV8JVOi2M,GDA.intel.an1-incumbent-win-themes,OTHER,YES,9,"n8n-nodes-base.code, n8n-nodes-base.httpRequest, n8n-nodes-base.if, n8n-nodes-base.manualTrigger, n8n-nodes-base.postgres, n8n-nodes-base.telegram, n8n-nodes-base.webhook",2026-05-13 15:41:10.804+00
YIvCdrOgF1LGmFNL,GDA.intel.morning-briefing-v1,OTHER,YES,16,"n8n-nodes-base.code, n8n-nodes-base.httpRequest, n8n-nodes-base.merge, n8n-nodes-base.postgres, n8n-nodes-base.scheduleTrigger, n8n-nodes-base.set, n8n-nodes-base.telegram, n8n-nodes-base.webhook",2026-05-26 22:55:08.21+00
6Ej7ltEhOQU8vpvn,GDA.maint.knowledge-reembed-sweep,V2_BACKEND,NO,5,"n8n-nodes-base.code, n8n-nodes-base.httpRequest, n8n-nodes-base.scheduleTrigger",2026-05-28 19:04:45.766+00
8r0ss5z6X3i0yuqi,GDA.mcp.proxy,OTHER,NO,8,"n8n-nodes-base.code, n8n-nodes-base.respondToWebhook, n8n-nodes-base.ssh, n8n-nodes-base.switch, n8n-nodes-base.webhook",2026-05-26 20:59:32.497+00
j89YbSJwz8TT1zn6,GDA.notify.telegram,OTHER,NO,3,"n8n-nodes-base.code, n8n-nodes-base.telegram, n8n-nodes-base.webhook",2026-05-21 15:29:47.013+00
4bhVvKvVgLXcX6AZ,GDA.ops.gist-session-update,OTHER,NO,4,"n8n-nodes-base.code, n8n-nodes-base.httpRequest, n8n-nodes-base.respondToWebhook, n8n-nodes-base.webhook",2026-05-13 15:41:09.905+00
1F02d4uua1uStBc6,GDA.ops.pinecone-backfill,V2_BACKEND,NO,5,"n8n-nodes-base.code, n8n-nodes-base.manualTrigger, n8n-nodes-base.splitInBatches",2026-05-28 21:39:02.157+00
TxcPdvx2Ld9rE9er,GDA.qa.agent-runner,OTHER,NO,2,"n8n-nodes-base.code, n8n-nodes-base.webhook",2026-05-26 21:00:07.721+00
H6YKZDmLusvQqfIn,GDA.qa.computer-operator,OTHER,NO,2,"n8n-nodes-base.code, n8n-nodes-base.webhook",2026-05-26 08:21:51.262+00
aAVitXXjGWaP7bb2,GDA.qa.fix-runner,OTHER,NO,3,"n8n-nodes-base.code, n8n-nodes-base.respondToWebhook, n8n-nodes-base.webhook",2026-05-13 15:41:08.506+00
PhrS9kOy6fV1wKkj,GDA.qa.latest-failures,OTHER,NO,3,"n8n-nodes-base.code, n8n-nodes-base.respondToWebhook, n8n-nodes-base.webhook",2026-05-13 15:41:15.709+00
q9YWVQCwnJGqmrO7,GDA.research.deep-research,OTHER,YES,12,"n8n-nodes-base.code, n8n-nodes-base.httpRequest, n8n-nodes-base.postgres, n8n-nodes-base.respondToWebhook, n8n-nodes-base.telegram, n8n-nodes-base.webhook",2026-05-26 21:28:54.37+00
AqWz367raGvlgIhp,GDA.sched.dept-market-refresh,OTHER,YES,7,"n8n-nodes-base.code, n8n-nodes-base.postgres, n8n-nodes-base.respondToWebhook, n8n-nodes-base.scheduleTrigger, n8n-nodes-base.webhook",2026-05-26 22:55:08.542+00
JRnWGEH9cesb8f3w,GDA.sched.dept-opp-sweep,OTHER,YES,10,"n8n-nodes-base.code, n8n-nodes-base.httpRequest, n8n-nodes-base.if, n8n-nodes-base.postgres, n8n-nodes-base.scheduleTrigger, n8n-nodes-base.webhook",2026-05-26 22:55:08.797+00
j7Nj1zu5B6YEH9mO,GDA.sched.dhs-industry-day-monitor,V2_BACKEND,YES,8,"n8n-nodes-base.code, n8n-nodes-base.httpRequest, n8n-nodes-base.postgres, n8n-nodes-base.scheduleTrigger, n8n-nodes-base.webhook",2026-05-26 21:28:52.822+00
PRwFP7725TJ8gkVy,GDA.sched.dpc-forecast-scraper,V2_BACKEND,YES,8,"n8n-nodes-base.code, n8n-nodes-base.httpRequest, n8n-nodes-base.postgres, n8n-nodes-base.scheduleTrigger, n8n-nodes-base.webhook",2026-05-26 21:28:52.65+00
bFF0oopmkhP6cnau,GDA.sched.golden-dome-monitor,OTHER,YES,6,"n8n-nodes-base.code, n8n-nodes-base.respondToWebhook, n8n-nodes-base.scheduleTrigger, n8n-nodes-base.webhook",2026-05-26 22:55:08.442+00
xKR1NtwUUu5xOC6g,GDA.sched.idiq-to-monitor,V2_BACKEND,YES,11,"n8n-nodes-base.code, n8n-nodes-base.httpRequest, n8n-nodes-base.if, n8n-nodes-base.postgres, n8n-nodes-base.scheduleTrigger, n8n-nodes-base.webhook",2026-05-26 21:28:53.188+00
PeLGDqgLAsEh5Gsd,GDA.sched.opp-refresh,OTHER,YES,43,"n8n-nodes-base.code, n8n-nodes-base.httpRequest, n8n-nodes-base.if, n8n-nodes-base.manualTrigger, n8n-nodes-base.postgres, n8n-nodes-base.respondToWebhook, n8n-nodes-base.scheduleTrigger, n8n-nodes-base.switch, n8n-nodes-base.webhook",2026-05-26 21:28:49.755+00
Pbj90Dg6APmYRqOO,GDA.sub.dashboard-intel-deep,OTHER,YES,25,"n8n-nodes-base.code, n8n-nodes-base.httpRequest, n8n-nodes-base.postgres, n8n-nodes-base.webhook",2026-05-13 15:41:12.207+00
PoOofuf0OgaYJCBN,GDA.util.gist-update,OTHER,NO,4,"n8n-nodes-base.code, n8n-nodes-base.httpRequest, n8n-nodes-base.respondToWebhook, n8n-nodes-base.webhook",2026-05-13 15:41:17.545+00
t2209zk3c9x0OS9S,GDA.util.gist-update,OTHER,NO,4,"n8n-nodes-base.code, n8n-nodes-base.httpRequest, n8n-nodes-base.respondToWebhook, n8n-nodes-base.webhook",2026-05-13 15:41:08.172+00
zPT6cd33TmJa7SZX,GDA.util.smoke-test,OTHER,NO,8,"n8n-nodes-base.code, n8n-nodes-base.httpRequest, n8n-nodes-base.respondToWebhook, n8n-nodes-base.webhook",2026-05-26 22:55:08.885+00
IcD4K740vpWSIuaZ,GDA.util.ssh-read-file,OTHER,NO,4,"n8n-nodes-base.code, n8n-nodes-base.respondToWebhook, n8n-nodes-base.ssh, n8n-nodes-base.webhook",2026-05-13 15:41:11.9+00
